"secchi","depth","alkalinity","calcium","chlorophyll_a_corrected","chlorophyll_a_total","chlorophyll_b_total","chloride","color","conductivity_25","conductivity_estimate","carbon_inorganic","carbon_organic","hardness","potassium","magnesium","sodium","ammonium","nitrite","nitrates_total","nitrogen","ph","phosphate","phosphorus_unfiltered","phosphorus_total","residue","silicates","sulphate","turbidity"
4.1,21.7,36.3,12.4,1,0.5,0.1,6.2,14.8,111,120,8,3.6,44.8,0.69,3.36,4.06,0.009,0.002,0.289,0.19,7.89,0.001,0.004,5.4,0.5,1.1,8.9,0.31
4,21.8,43.75,14.4,2.333,3.4,0.133,6.35,6.55,127,136,9.3,3.1,52,0.72,3.91,3.97,0.009,0.004,0.14,0.22,8.005,0.001,0.008,5.7,0.9,0.48,10,0.61
5.3,21.9,47.65,16,2,2.7,0.1,6.3,6.2,138,146.5,11.1,2.75,57.9,0.745,4.4,4.04,0.004,0.002,0.201,0.2,7.945,0.001,0.007,5.3,0.5,0.37,10.35,0.285
6.3,20.2,54.25,17.85,1,0.6,0.1,7.65,5.5,155,166,12.4,2.55,64.7,0.895,4.91,4.82,0.011,0.002,0.24,0.18,8.01,0.001,0.006,2.3,0.5,1.14,11.3,0.085
4.4,20.8,66.05,22.75,2,2.933,0.2,8.7,4.05,180.5,194.5,15.45,2.7,79.7,0.92,5.58,5.21,0.004,0.002,0.176,0.21,8.24,0.001,0.004,4.4,1,0.8,11,0.37
9,20.6,73.25,22.95,1,1.1,0.1,7,1.2,181,203,16.8,1.9,84,0.74,6.49,4.3,0.005,0.002,0.215,0.18,8.18,0.001,0.005,2.8,0.5,0.78,13.5,0.22
4.6,8.8,59.2,19.6,1,0.733,0.1,5.4,9.3,151,171,13.5,2.6,71,0.78,5.4,3.4,0.02,0.004,0.271,0.18,8.11,0.001,0.002,3.8,0.6,0.82,12.5,0.33
5.2,9.5,68.75,22.3,1,1.467,0.1,5.9,1.1,177.5,192,15.2,1.9,80.7,0.85,6.11,3.71,0.012,0.003,0.126,0.2,8.305,0.001,0.012,3.9,0.8,0.6,13.5,1.015
7.3,8.9,71.95,23.2,1,0.9,0.1,6.1,1.5,184,200,16.4,1.9,84.7,0.895,6.51,3.95,0.014,0.002,0.254,0.185,8.145,0.001,0.005,4.4,0.6,1.22,13.2,0.365
4.9,23.2,45.1,15.2,1,0.867,0.1,6.2,9.3,130,142,10.3,3,55.2,0.75,4.18,3.96,0.013,0.001,0.298,0.18,8.01,0.001,0.006,4.1,0.5,0.92,10.5,0.19
4.2,25.9,49.05,16,2,2.8,0.1,6.25,5.4,139,147.5,11.3,3,57.9,0.72,4.38,3.98,0.013,0.005,0.156,0.2,8.04,0.001,0.007,5,0.5,0.48,10.7,0.455
6.2,26.6,50.6,16.25,1,2,0.1,6.3,5.3,144,151.5,11.55,2.5,59.9,0.74,4.72,4.03,0.007,0.002,0.207,0.19,7.94,0.001,0.008,3.7,0.55,0.66,10.65,0.225
3.3,9.4,33.3,11.6,1,0.667,0.1,6.2,17.7,106,113,7.3,3.7,41.4,0.63,3.06,4,0.006,0.002,0.281,0.2,7.82,0.001,0.003,5.9,0.7,1.12,8.6,0.53
3.3,9.6,43.3,14.5,2,2.833,0.1,6.25,6.85,127.5,135,9.1,2.95,52,0.715,3.86,3.95,0.011,0.004,0.148,0.205,8.01,0.001,0.009,4.8,1.35,0.5,10.1,0.565
4.5,9.2,47.1,15.7,2,2.867,0.1,6.3,6.55,136.5,145,10.75,2.7,57.3,0.72,4.39,4.1,0.007,0.002,0.184,0.19,7.91,0.001,0.007,4.9,0.75,0.5,10.2,0.61
2.5,15.5,9.9,3.75,1,2.4,0.3,5.65,19.2,53,55.5,1.45,4.2,14,0.54,1.1,3.67,0.014,0.003,0.188,0.24,7.22,0.001,0.012,6.3,1.35,1.62,5.55,0.65
3.9,16.7,53.7,17.6,2,2,0.3,6.8,5.4,149.5,158.5,12.3,2.75,63.9,0.775,4.86,4.16,0.002,0.004,0.141,0.23,8.095,0.001,0.005,4.7,0.8,0.9,10.3,0.44
6.9,16.4,64.1,20.6,1,0.6,0.1,6,3.7,172,182,14.8,1.9,75,0.85,5.74,3.78,0.008,0.002,0.293,0.14,7.9,0.001,0.002,2.4,0.5,0.72,13,0.17
6.4,16.9,67.75,20.6,1,1.2,0.1,6.3,2.15,177,186,14.85,2.2,74.9,0.825,5.74,3.9,0.007,0.005,0.226,0.165,8.175,0.001,0.007,3.3,0.85,0.6,13.1,0.31
6.6,16.6,64.7,21.35,1,1,0.1,6.2,2.45,175.5,186.5,14.9,1.9,78.4,0.84,6.13,3.91,0.009,0.002,0.234,0.16,8.06,0.001,0.005,3.1,0.5,0.71,12.7,0.235
3,13.2,36.8,11.5,2,3.133,0.2,4.2,18.25,108.5,113,8.15,4.1,43,0.69,3.5,3.02,0.015,0.003,0.117,0.29,7.8,0.001,0.012,12.2,2,0.76,9.95,1.36
5.9,12.2,56.85,18.25,1,2,0.1,5.6,4.8,159,166.5,13.55,2.9,68.3,0.78,5.54,3.56,0.002,0.01,0.177,0.21,8.115,0.001,0.007,3.7,0.6,0.74,12.65,0.455
2.1,13.4,29.7,10.1,1,2.133,0.2,4.65,18.2,91.5,100.5,6.65,4.95,37.5,0.69,3,3.18,0.014,0.003,0.099,0.27,7.855,0.001,0.01,9.8,1.6,0.82,8.75,1.415
8,11.4,70.75,22.85,1,0.933,0.167,6.9,1.15,187,198,16.2,2.05,82.8,0.87,6.26,4.18,0.012,0.003,0.274,0.175,8.235,0.001,0.002,6.8,0.75,0.66,12.4,0.255
3.5,4,47.5,16.2,1,1.733,0.2,4.2,15.75,129.5,140.5,10.6,3.6,58.8,0.68,4.49,2.73,0.015,0.003,0.17,0.225,7.925,0.001,0.009,5.2,1.1,1.08,10.6,0.685
3.2,3.9,69.65,22.05,2,2.467,0.2,7,3.5,181,193.5,16.2,2.45,80.7,0.78,6.23,4.25,0.016,0.003,0.109,0.245,8.25,0.001,0.004,6.7,1.9,1.1,12.1,1.055
7.5,25,46.65,15.85,1,1.033,0.1,5.8,4.45,133,144,10.15,2.3,57.8,0.73,4.45,3.66,0.008,0.002,0.211,0.16,7.945,0.001,0.005,3,0.5,0.92,10.6,0.31
5.1,25.3,63.75,20.55,1,1.6,0.1,6.9,2.25,170,181.5,14.75,2.05,74.6,0.815,5.68,4.2,0.006,0.003,0.175,0.195,8.19,0.001,0.002,6.5,1.2,0.58,11.5,0.415
3.6,10,34.1,11.45,1,1.4,0.167,3.2,14.5,97,104.5,7.8,3.5,42.5,0.595,3.37,2.22,0.02,0.003,0.174,0.225,7.755,0.001,0.009,4.7,1.05,1.1,8.6,0.67
6,9.8,68.55,21.8,1,1.667,0.1,7,1.5,181,192,15.65,2.25,79.5,0.815,6.1,4.23,0.01,0.003,0.204,0.19,8.2,0.001,0.002,7,0.8,0.74,12.25,0.82
8.7,13.8,58.65,19.75,1,0.733,0.1,5.9,3.85,161,173.5,13.9,2,72.7,0.84,5.69,3.68,0.01,0.003,0.265,0.155,8.09,0.001,0.006,2.1,0.5,0.9,12.2,0.17
10,14.2,70.6,22.55,1,0.933,0.1,6.85,0.4,187.5,197,16.2,1.9,82.2,0.865,6.29,4.18,0.012,0.004,0.249,0.175,8.16,0.001,0.002,3.5,0.5,0.65,12.6,0.245
14.2,25.4,71.65,23.45,1,0.4,0.1,6.3,0.25,188,203,16.55,1.65,86.1,0.9,6.72,3.86,0.003,0.003,0.298,0.13,8.16,0.001,0.007,1.4,0.65,0.78,14.05,0.05
9,25.5,72.15,22.95,1,0.933,0.1,6.8,1.4,187,200,16.55,1.85,83.5,0.865,6.4,4.14,0.002,0.004,0.265,0.205,8.255,0.001,0.002,2.9,0.6,0.63,12.65,0.18
9,24.5,56.9,18.9,1,0.733,0.1,6,4.2,156.5,168,13.15,2.15,69.1,0.815,5.35,3.71,0.005,0.003,0.263,0.15,8.05,0.001,0.007,2.1,0.5,0.96,11.9,0.135
7,29.2,70.4,22.55,1,0.967,0.1,6.85,3.2,186.5,196.5,16.6,1.9,82.1,0.855,6.29,4.16,0.002,0.003,0.249,0.185,8.245,0.001,0.002,2.8,0.6,0.66,12.5,0.21
2.9,17.4,11.85,4.725,2,3.7,0.367,5,16.95,56,59.4,2.05,4.1,17.5,0.57,1.38,3.25,0.017,0.003,0.137,0.25,7.285,0.001,0.012,8.7,1.4,1.49,5.95,0.895
5.1,18.4,37.95,12.35,2,2.367,0.3,6.3,3.15,116,119.5,8.3,3.3,44.6,0.63,3.4,4.07,0.014,0.003,0.049,0.245,7.925,0.001,0.004,7.8,0.95,0.89,8.2,0.835
2.9,5.4,20.3,7.325,2,3.533,0.4,4.85,12,72.5,78.2,3.4,3.85,26.9,0.615,2.09,3.21,0.012,0.002,0.113,0.23,7.59,0.001,0.013,9.3,1.35,1.32,6.9,0.74
3.4,5.3,35.6,11.7,4,4.833,0.567,6.1,6.5,109,112.5,7.5,3.35,42,0.6,3.12,3.95,0.013,0.003,0.019,0.255,7.745,0.001,0.007,12.7,1.75,0.89,7.7,1.225
4.1,27.9,40.3,13.95,1,1.2,0.1,5.7,9.25,120,130,8.55,2.9,51.2,0.755,4,3.61,0.009,0.003,0.22,0.265,7.92,0.001,0.012,3.7,0.55,1.16,9.75,0.33
8.2,28.9,69,22.25,1,1.133,0.1,6.9,1.55,182,194,16.3,2.15,80.6,0.855,6.11,4.13,0.011,0.004,0.241,0.17,8.235,0.001,0.002,5.8,0.6,0.69,12.4,0.315
2.6,4.5,6.75,2.975,1,1.1,0.1,5.9,19.5,49,50.6,1.5,4.15,11.2,0.55,0.91,3.94,0.005,0.003,0.191,0.22,7.035,0.001,0.011,5.8,0.9,1.72,5.45,0.69
3.3,4,16.15,5.65,2,3.033,0.4,6.2,15.3,67,68.9,2.85,4.25,20.6,0.55,1.57,4.13,0.002,0.003,0.013,0.28,7.255,0.001,0.006,11.2,1,1.34,5.15,1.025
2.6,5.8,48.05,16.35,1,0.9,0.1,5.55,26.55,133.5,145,9.6,4.1,58.6,0.72,4.33,3.23,0.022,0.005,0.186,0.255,7.95,0.001,0.01,7.2,0.85,1.63,10.8,0.655
2.1,5.6,67.35,22.45,3,3.667,0.5,6.9,6,177,190.5,15.25,2.5,80.4,0.835,5.94,4.14,0.018,0.005,0.13,0.255,8.165,0.001,0.008,12,2.5,0.62,11.6,1.18
8.1,20,63.05,19.95,1,0.3,0.1,5.7,10.9,166.5,178,12.95,2.5,73.2,0.8,5.71,3.53,0.013,0.004,0.257,0.18,8.055,0.001,0.007,3,0.5,1.06,13,0.18
4.6,19.2,70.7,23.6,2,2.167,0.3,6.9,2.65,187,200,16.1,2.05,84.7,0.885,6.28,4.25,0.008,0.004,0.228,0.205,8.14,0.001,0.005,4.3,1.35,0.68,12.2,0.75
13,20.3,75.05,23.65,1,0.567,0.1,6.7,1.4,183.5,207.5,17.35,1.65,86.7,0.92,6.75,4.04,0.008,0.002,0.248,0.16,8.14,0.001,0.003,3.1,0.5,0.62,13.9,0.24
16.5,30.2,67.3,21,1,0.267,0.1,6.35,2.8,176,188.5,15.75,2.2,77.2,0.84,6.06,3.94,0.005,0.003,0.285,0.14,8.15,0.001,0.006,1.5,0.5,0.84,13.3,0.065
6.2,31,71.95,23.85,1,1.167,0.1,6.8,2.25,188,202,16.45,1.65,85.7,0.905,6.35,4.21,0.006,0.003,0.29,0.18,8.175,0.001,0.004,3.3,0.95,0.7,12.45,0.225
9,32.1,75.2,23.25,1,0.6,0.1,6.65,0.6,184.5,206.5,17.15,1.65,86,0.905,6.79,4.01,0.005,0.002,0.253,0.16,8.16,0.001,0.004,2.4,0.5,0.59,13.85,0.175
18.5,36.3,72.95,23.5,1,0.4,0.1,6.4,0.2,187.5,204.5,16.75,1.65,86,0.925,6.65,3.92,0.004,0.004,0.294,0.13,8.175,0.001,0.007,1.5,0.55,0.8,13.9,0.05
9.5,34.9,72.25,23.8,1,0.867,0.1,6.85,1.45,189.5,202.5,16.45,1.8,85.7,0.89,6.36,4.25,0.004,0.003,0.325,0.17,8.18,0.001,0.003,3.2,0.7,0.66,12.45,0.17
6.5,8.1,71.65,23.65,1,1.2,0.1,7.05,1.25,188,202,16.7,1.85,85,0.905,6.31,4.32,0.014,0.005,0.235,0.18,8.27,0.001,0.002,4.3,1,0.73,12.4,0.265
4,4.5,51.05,15.65,1,0.5,0.1,5.8,15.15,136,147.5,11.35,4,57.6,0.73,4.48,3.69,0.013,0.004,0.212,0.205,7.99,0.001,0.009,3.2,0.6,1.06,10.6,0.38
3.8,4.5,69.65,22.8,2,2.033,0.1,7.1,2.9,183.5,196,16.5,2.35,82.1,0.875,6.11,4.4,0.006,0.003,0.175,0.22,8.175,0.001,0.005,4.9,1.4,0.86,11.9,0.655
17.5,25.7,66.85,21.15,1,0.3,0.1,6.8,2.35,174,189.5,14.8,1.95,77.4,0.885,6,4.23,0.004,0.003,0.264,0.145,8.125,0.001,0.009,1.3,0.5,0.9,12.8,0.065
7,17.4,71.8,23.95,1,1.2,0.1,7,1.8,188,202.5,16.85,2,86,0.91,6.38,4.32,0.005,0.003,0.234,0.23,8.21,0.001,0.005,3.1,0.75,0.69,12.35,0.185
3.4,7.7,70.15,23.15,2,2.033,0.1,7.25,2.85,185.5,198.5,16.55,2.35,83.4,0.905,6.24,4.47,0.005,0.003,0.199,0.22,8.185,0.001,0.006,4.9,1.7,0.8,12.05,0.65
10,24,61.15,20.65,1,0.467,0.1,7.6,4.2,169.5,183.5,14.4,2.2,74.8,0.905,5.66,4.64,0.006,0.003,0.243,0.165,8.095,0.001,0.008,2.2,0.5,1.02,12.25,0.08
5,25,68.2,23.5,2,2.5,0.2,8.25,3.4,181,198.5,15.6,2.6,82.8,0.91,5.86,4.97,0.002,0.002,0.195,0.2,8.24,0.001,0.004,4.2,0.85,0.78,11.3,0.475
8,24.8,75.1,23.5,1,0.7,0.1,6.75,0.55,184,207,16.85,1.75,86.2,0.945,6.69,4.07,0.004,0.002,0.247,0.165,8.2,0.001,0.005,2.7,0.5,0.68,13.85,0.13
5.8,7,37.5,13.1,1,0.833,0.133,6.6,11.15,116.5,124.5,8.75,3.1,47.2,0.745,3.55,4.16,0.017,0.003,0.193,0.205,7.895,0.001,0.007,2.8,0.6,1.2,8.9,0.225
3.5,7.2,65.45,22.7,3,3.3,0.2,8.45,5,176,192.5,14.8,2.75,79.6,0.895,5.57,5.05,0.004,0.002,0.134,0.22,8.26,0.001,0.006,5.3,1.3,0.9,10.9,0.48
7.2,12.5,45.35,15.55,1,0.7,0.1,6.95,8.4,133.5,144.5,10.6,2.8,56.3,0.8,4.23,4.38,0.017,0.003,0.224,0.2,7.945,0.001,0.006,2.5,0.5,1.18,10,0.17
3,12.8,66.85,23.15,2.667,3.1,0.2,8.5,4,180,195.5,15.4,2.75,81,0.91,5.68,5.12,0.003,0.002,0.162,0.205,8.27,0.001,0.003,5.4,1.15,0.86,11.1,0.505
8,12.2,72.05,23.2,1,1,0.1,7.4,1.95,179.5,203,16.35,2.05,84.2,1.005,6.37,4.45,0.007,0.001,0.169,0.2,8.175,0.001,0.006,3.3,0.5,0.96,13.05,0.325
2.2,13.2,6.2,2.85,1.667,2.833,0.367,3.9,28.95,39,41.4,1.05,4.55,10.6,0.465,0.83,2.6,0.011,0.003,0.135,0.27,6.755,0.001,0.012,8.3,1.45,1.68,5.1,0.785
2.4,14.2,9.3,4,3,5.2,0.5,5.2,24.6,49.5,50.9,1.4,5.55,14.1,0.53,1,3.57,0.014,0.002,0.016,0.315,7.025,0.001,0.008,8.2,1.2,0.89,4.2,0.85
3,13.5,10.15,4.4,4,4.967,0.467,6.1,16.95,52.5,59,1.8,4.25,15.7,0.615,1.17,4.28,0.017,0.002,0.007,0.265,7.165,0.001,0.01,8.5,1.4,1.28,5.45,1.02
2.3,8.1,11.9,4.65,2,2.6,0.3,3.55,33.75,50.5,53.75,2.35,5.5,17,0.505,1.3,2.48,0.022,0.003,0.135,0.305,7.165,0.001,0.01,8.9,1.6,1.72,5.85,0.89
2,8.8,27,9.85,4,5.633,0.933,5.7,22.9,90,93.9,6.15,5,34.8,0.6,2.47,3.73,0.019,0.002,0.026,0.34,7.425,0.001,0.009,11.6,1.8,0.86,6.2,1.3
3,9.5,22.9,8.1,4,4.567,0.3,6.2,12,79,89.1,4.85,4,29.8,0.74,2.34,4.35,0.019,0.002,0.021,0.25,7.595,0.001,0.009,8.7,1.8,1.14,7.15,0.84
3,15.8,20.7,7.425,2,2.733,0.3,4.4,26.65,73,78,4.55,4.8,27.1,0.615,2.08,3.04,0.027,0.003,0.157,0.28,7.46,0.001,0.008,7.3,1,1.62,7.1,0.65
2.5,16.3,48.25,17.05,3.333,4.367,0.8,7.2,11.25,139.5,149,11.15,3.75,59.8,0.765,4.19,4.5,0.011,0.003,0.082,0.275,7.955,0.001,0.007,7.1,1.4,0.9,8.9,1.235
4,17.1,48.45,17,2,2.667,0.2,6.8,6.7,134,153,11,3.1,61.5,0.825,4.65,4.53,0.016,0.002,0.066,0.22,8,0.001,0.008,7.1,0.8,1.16,10.4,0.5
7.1,18.1,51.75,16.95,1,0.6,0.1,8.8,8.1,153,163,11.95,2.85,61.1,0.92,4.59,5.5,0.01,0.003,0.225,0.2,7.985,0.001,0.006,2.6,0.5,1.29,10.8,0.115
6.7,18.4,70.1,23.75,1,1.4,0.1,8.1,2.55,185,201.5,16.3,2.25,84,0.92,6.01,4.89,0.009,0.004,0.217,0.19,8.22,0.001,0.004,5.7,0.85,0.74,11.65,0.31
7,18,74.1,23.45,1,1.133,0.1,7,1.4,182,205.5,16.5,1.8,85.3,0.925,6.54,4.29,0.003,0.003,0.219,0.205,8.2,0.001,0.004,3.3,0.65,0.78,13.5,0.205
6,18,47.65,15.9,1,0.8,0.1,9.25,10.85,146,155,10.8,3.2,56.7,0.92,4.14,5.8,0.013,0.004,0.22,0.22,7.98,0.001,0.006,3.7,0.5,1.41,10.15,0.65
6,18.4,68.9,23.2,1,1.733,0.133,8.2,4.15,185.5,199,16.4,2.35,82.4,0.935,5.95,5.02,0.004,0.003,0.201,0.2,8.165,0.002,0.005,4.4,0.75,0.76,11.55,0.3
8,17.8,71.05,25,1,1.3,0.1,7.3,2.4,180.5,208.5,16.15,2.1,88.8,0.95,6.43,4.72,0.013,0.003,0.19,0.18,8.185,0.001,0.004,4,0.7,0.9,13.3,0.24
2.5,8.2,7.8,3.25,2,2.3,0.2,5.45,22.4,47.5,51,1.35,4.35,11.9,0.6,0.92,3.77,0.01,0.003,0.18,0.235,7.005,0.001,0.014,7.3,1.45,1.86,5.4,0.72
2.1,8.3,21.85,7.9,4,5.567,0.933,7.85,18.55,86,88.4,4.8,4.55,27.8,0.645,1.96,4.98,0.016,0.005,0.038,0.29,7.41,0.001,0.005,8,1.2,0.91,5.8,0.85
3,7.3,22,8.075,5.333,6.633,0.433,7.4,11.5,81,91,4.7,3.9,29.2,0.745,2.18,5.03,0.008,0.002,0.045,0.24,7.64,0.001,0.008,7.3,1.1,1.23,6.75,0.515
3,31.7,7.45,3.325,1,1.467,0.167,6.2,18.1,51,53.95,1.65,4.1,12.2,0.63,0.95,4.22,0.004,0.002,0.201,0.215,7.04,0.001,0.013,4.8,1.15,1.76,5.6,0.485
3,33.2,19.75,7.075,3,3.9,0.667,7.65,19.25,80,82.45,4.1,4.35,24.9,0.635,1.77,4.89,0.025,0.004,0.046,0.27,7.355,0.001,0.004,7,1.2,0.96,5.55,0.69
4,33.7,19.05,7.15,2,2.767,0.267,7.15,11.8,75.5,83.45,4.05,3.8,25.9,0.69,1.95,4.9,0.008,0.001,0.066,0.24,7.535,0.001,0.008,6.1,1.15,1.33,6.45,0.515
3,25.2,8,3.5,1,1.4,0.167,6.35,18.9,52,55.7,1.55,4.05,12.8,0.63,0.98,4.26,0.007,0.003,0.199,0.225,7.095,0.001,0.012,4.9,0.5,1.77,5.7,0.595
2.5,24.6,29.1,10.4,3.333,4.8,0.767,8.3,13.9,102,107,6.1,4.1,35.8,0.725,2.42,5.33,0.023,0.004,0.058,0.285,7.625,0.001,0.005,6.7,1.65,0.9,6.5,0.675
4,26,36.5,13.2,2,2.933,0.233,8,8.95,112,128,8.2,3.45,47.1,0.785,3.45,5.25,0.01,0.003,0.085,0.225,7.855,0.001,0.007,6.2,1.05,1.25,8.55,0.535
3.2,31.9,14.95,5.65,1,1.367,0.133,7.1,18.15,69.5,73.85,3.1,3.9,20.3,0.695,1.5,4.72,0.009,0.003,0.195,0.225,7.345,0.001,0.012,5.6,0.75,1.74,6.4,0.44
3.2,31.5,48.45,16.9,3.333,4.4,0.4,9.7,10.1,145,155.5,11.4,3.65,58.5,0.835,3.97,5.85,0.01,0.003,0.099,0.24,8.01,0.001,0.004,6.4,1.15,0.88,8.5,0.605
5.8,32.6,56.3,19.45,2,1.9,0.1,8.45,5.65,154,175.5,12.9,2.75,69.8,0.9,5.18,5.42,0.016,0.003,0.108,0.215,8.065,0.001,0.007,5.7,0.75,1.13,11.3,0.36
4.1,18.4,35.7,11.95,1,0.933,0.1,9,14.3,116.5,126,7.8,3.45,42.4,0.845,3.06,5.62,0.011,0.003,0.206,0.22,7.82,0.001,0.008,4,0.5,1.58,8.65,0.395
4,17.6,65.05,21.85,2,2.667,0.2,9.1,4.45,177,191.5,15.55,2.8,76.9,0.915,5.42,5.47,0.005,0.003,0.168,0.21,8.16,0.001,0.004,5.3,0.85,0.84,10.8,0.385
7,17.4,63.5,22.1,1,1.4,0.1,8.2,3.85,166,191.5,14.6,2.45,78.7,0.93,5.72,5.27,0.009,0.002,0.14,0.195,8.11,0.001,0.005,4.8,0.75,1.02,12.1,0.295
3.3,36.7,38.8,14.4,1,2,0.2,14.6,18.9,143,154.5,8.9,4.65,48.2,0.995,2.99,8.9,0.005,0.002,0.139,0.31,7.82,0.001,0.01,6.2,0.9,1.56,9.1,0.555
2.5,39,31.05,11.15,3,3.933,0.433,10.3,14.95,112,117,7.1,4.5,38,0.73,2.49,6.26,0.017,0.004,0.019,0.295,7.66,0.001,0.005,7.2,1.2,0.7,6.7,0.75
5,38.6,32.9,11.75,2,2.533,0.2,9.2,10.25,107,122,7.45,3.7,41.6,0.81,2.99,5.98,0.003,0.001,0.058,0.235,7.795,0.002,0.008,6.8,1.05,1.16,8,0.485
3.7,18.6,25.1,9.5,2,2.6,0.2,10.25,17.1,99,107.5,5.5,4.45,32.6,0.815,2.15,6.1,0.004,0.002,0.166,0.285,7.6,0.001,0.009,7.2,1,1.61,7.4,0.555
2.7,17.4,33.2,11.75,3,4.133,0.4,9.5,12.25,115.5,119.5,7.55,4.1,40.6,0.74,2.76,5.79,0.007,0.004,0.039,0.285,7.745,0.001,0.005,7.4,1.4,0.78,7.1,0.835
3,16.6,41.75,15.15,4,4.5,0.3,9.5,9.45,127.5,145.5,9.3,3.6,53.4,0.86,3.79,6.18,0.012,0.003,0.028,0.255,7.925,0.002,0.01,10,1.75,1.15,9.05,1.075
3.6,4.9,18.3,6.825,1,1.5,0.1,7.5,17.8,77,82.7,4.3,4.3,24.2,0.7,1.73,4.83,0.005,0.002,0.185,0.255,7.44,0.001,0.008,4.8,1.05,1.65,6.7,0.52
2.5,5,41.2,14.4,2.333,3.333,0.433,9.9,10.9,133.5,139,9.8,3.95,49.6,0.805,3.35,5.98,0.038,0.003,0.066,0.255,7.725,0.001,0.007,8.2,1.6,0.94,7.8,0.825
3.1,4.5,15.35,5.875,1,1.3,0.133,7.05,18.95,69.5,74.5,3.7,4.35,20.9,0.68,1.54,4.61,0.006,0.003,0.193,0.285,7.39,0.001,0.008,4.1,0.6,1.68,6.3,0.445
3.2,4.5,47.2,16.35,2.333,3.2,0.3,9.8,10.7,144,152.5,10.9,3.7,56.8,0.845,3.86,5.97,0.016,0.003,0.079,0.255,7.97,0.001,0.005,7.3,1.5,0.9,8.4,0.635
4,5.6,56.85,19.55,1,1.8,0.2,11.4,11.1,165.5,181,13,3.7,67,1.045,4.41,6.96,0.009,0.002,0.078,0.305,8.005,0.001,0.01,6.5,1.3,1.39,10.35,0.66
3.5,5.3,59.6,20.6,2,2.533,0.2,13.65,8.55,180,189.5,14.05,4.1,69.5,0.94,4.43,7.98,0.008,0.001,0.005,0.29,8.045,0.001,0.009,12,1.05,0.99,8.75,0.645
5,5.3,63.5,21.1,1,1.2,0.1,13.15,6.8,181.5,201.5,14.8,3.55,74.1,1.055,5.18,7.98,0.042,0.002,0.005,0.275,8.105,0.001,0.01,7.8,0.8,2.04,11.4,0.54
2.3,2.6,66.6,22.85,2,2.7,0.2,15.95,16.8,197,216.5,15.25,4.45,76.5,1.225,4.73,9.53,0.011,0.003,0.096,0.345,8.045,0.001,0.012,10.8,2.45,1.3,11.3,1.7
2.8,16.5,39.75,14.65,5,6.533,0.4,14.35,14.5,145.5,156.5,9.25,4.25,49.4,0.93,3.15,9.16,0.011,0.003,0.115,0.335,7.765,0.001,0.013,11.4,1.95,1.62,9.2,1.09
2.5,15.5,37.1,12.95,3,4.933,0.3,13.85,14.2,136.5,140,8.35,4.8,43.4,0.73,2.69,8.37,0.012,0.001,0.005,0.32,7.79,0.001,0.011,12,1.55,1.1,6.6,1.065
2.5,15.5,45.15,16.45,5,5.933,0.4,14.05,9.95,147.5,167,10.55,4.25,56.6,0.875,3.77,8.91,0.004,0.002,0.014,0.28,7.915,0.001,0.011,10.5,0.9,1.64,9.2,0.955
2.2,11.2,52.8,19.5,7.667,9,0.4,19.9,27.6,189,204,12,5.4,64.2,1.19,3.78,12.3,0.015,0.004,0.073,0.39,7.76,0.001,0.015,14,2.3,1.7,10.1,1.56
3.5,11.8,60.85,20.95,2,2.6,0.2,20.8,15.55,205.5,214.5,14.35,5.3,69.5,1.015,4.17,11.9,0.009,0.001,0.007,0.38,8.065,0.001,0.011,13.6,1.15,0.86,8.9,0.71
3.5,10.9,66,23.95,1,1.7,0.133,23.6,12.65,219,247.5,15.2,4.8,80.8,1.425,5.08,14.55,0.039,0.002,0.005,0.35,8.065,0.001,0.011,10.5,1.85,0.87,11.8,1.165
2.6,4.4,37.1,13.45,1,1.9,0.2,11.95,18.2,130,141,8,4.3,45.8,0.92,2.96,7.7,0.009,0.003,0.15,0.3,7.79,0.001,0.01,6.9,1.55,1.66,8.65,0.965
2,4.4,41.75,14.05,2.667,3.7,0.4,12.05,14.95,140,144,9.8,4.35,48.1,0.805,3.18,7.27,0.019,0.003,0.026,0.305,7.86,0.001,0.009,11,2.6,1.17,7.3,1.37
4.1,33.1,69.05,24.4,1,1.467,0.133,15.95,15.15,209.5,227.5,16,4.05,82.8,1.265,5.37,9.69,0.018,0.004,0.186,0.33,8.075,0.001,0.01,6.7,0.9,1.6,12.2,0.355
4.5,33.5,69.35,23.45,1.667,1.967,0.133,9.15,3.35,186.5,202.5,16.25,2.55,82.6,0.93,5.86,5.42,0.004,0.003,0.19,0.19,8.195,0.001,0.003,5.1,0.9,0.81,11.55,0.445
6,34.9,72.2,23.05,1,1.267,0.1,9.7,3.4,185.5,210,16.25,2.6,83.2,0.98,6.27,6.05,0.011,0.002,0.107,0.215,8.16,0.001,0.005,5.4,0.65,0.74,12.8,0.375
2,3.8,9.2,3.975,1,2.867,0.3,3.35,26.5,45.5,48.85,1.8,4.95,14.1,0.62,1.03,2.54,0.024,0.005,0.125,0.3,7.135,0.001,0.01,12.5,1.15,1.54,6.3,1.07
2,4.2,22.55,7.825,2.333,3.8,0.3,4.4,15.55,77.5,80.5,5.2,4.45,28.2,0.645,2.12,2.91,0.019,0.004,0.038,0.29,7.62,0.001,0.006,6.5,0.9,0.89,7.4,0.915
1.4,4.7,8.05,3.4,1,2.467,0.3,3.45,41.5,40,43.55,1.6,6.65,12.1,0.595,0.89,2.37,0.015,0.006,0.09,0.345,7.16,0.001,0.015,16.6,4.65,1.6,5.25,3.08
1.5,3.3,7.2,3.15,1,1.733,0.1,3.3,42.8,37,41.3,1.3,6.3,11.2,0.58,0.8,2.46,0.019,0.004,0.169,0.34,6.93,0.001,0.011,16.7,2.4,2.04,4.8,2.28
3,3.7,37.55,11.8,2,3.1,0.2,4.35,15.55,107.5,113,8.2,3.45,43.4,0.705,3.39,2.96,0.014,0.005,0.117,0.26,7.855,0.001,0.013,8.7,0.95,0.8,8.95,1.135
3,2.9,13.35,4.7,3.667,4.333,0.433,3.7,21.65,52.5,55.6,3,4.85,16.9,0.715,1.23,2.88,0.023,0.002,0.041,0.305,7.33,0.002,0.014,12.3,2,1.14,5.6,1.45
2.2,6,38.2,12.4,1,1.4,0.1,4.5,16.5,110.5,117.5,8.35,3.15,45,0.735,3.42,3.09,0.024,0.005,0.192,0.245,7.88,0.001,0.007,11,1.2,1.08,9.75,1.035
2.5,5.3,47.35,15.85,2,2.567,0.233,5.3,8,135,142.5,10.85,3.15,57.5,0.745,4.37,3.27,0.021,0.004,0.101,0.245,8,0.001,0.006,4.7,1.4,0.76,11.05,0.86
1.9,5.8,20.1,7.1,1,1.8,0.2,3.85,27.55,68,73.45,4.5,5.35,25.7,0.645,1.95,2.59,0.015,0.004,0.123,0.285,7.68,0.001,0.01,10.2,1.7,1.36,6.95,1.655
4.9,7.8,64.5,20.5,1,0.7,0.1,5.5,4.95,170.5,182.5,14.8,1.8,74.8,0.86,5.78,3.69,0.016,0.005,0.236,0.19,8.185,0.001,0.004,4.9,0.45,0.68,13.75,0.47
4.6,7.6,64.35,21.15,1,1.533,0.1,5.85,3.2,175,184.5,14,2.2,77.3,0.815,5.97,3.49,0.015,0.004,0.178,0.185,8.155,0.001,0.002,2,1.2,0.67,13.6,0.595
3.6,8,49.75,16.55,1,1.167,0.1,5.15,11.65,136.5,147.5,11.45,3.35,60.3,0.765,4.6,3.2,0.011,0.003,0.205,0.245,8.115,0.001,0.008,6.5,1.5,0.88,11.1,1.37
4.6,6.1,63.5,20.5,1,0.6,0.1,5.5,4.8,168,180.5,14.7,1.9,74.6,0.845,5.73,3.61,0.024,0.005,0.201,0.18,8.14,0.001,0.004,5.8,0.95,0.64,13.65,0.565
3.9,5.5,69.75,22.1,1,1.4,0.1,5.95,1.35,180,194,14,2,80.9,0.83,6.28,3.54,0.014,0.003,0.156,0.2,8.165,0.001,0.002,3.3,1.35,0.74,14,0.705
3.5,6.1,45.1,14.85,1,1.2,0.1,4.75,18.65,123.5,134,9.85,4.2,53.9,0.78,4.11,3,0.02,0.003,0.171,0.26,8.06,0.001,0.007,6.1,0.7,0.96,10.2,1
5.5,8.8,66.3,21.2,1,0.6,0.1,5.6,4.45,173.5,187,15.5,1.8,77.5,0.87,5.99,3.7,0.019,0.004,0.219,0.175,8.195,0.001,0.003,4.9,0.6,0.62,13.9,0.45
3.7,8.5,68.45,21.95,1,1.7,0.1,5.9,1.7,181.5,192,14.2,1.9,80.3,0.835,6.22,3.48,0.017,0.005,0.189,0.2,8.15,0.001,0.002,3.2,1.45,0.74,14.15,0.83
4.1,9,62.45,20.35,1,1.467,0.1,5.6,10.2,163.5,177.5,14.15,3.1,74.1,0.82,5.66,3.37,0.014,0.003,0.223,0.21,8.18,0.001,0.005,5,0.75,0.81,12.75,0.815
6.8,9.1,67.2,21.15,1,0.4,0.1,5.7,2.75,180,188,15.65,1.6,77.5,0.865,6.02,3.7,0.014,0.004,0.241,0.165,8.205,0.001,0.003,4.1,0.4,0.62,14.05,0.24
5,8.6,68.3,22.15,1,1.333,0.1,6,1.35,183.5,194,16.6,2.3,81.2,0.845,6.3,3.53,0.015,0.007,0.205,0.185,8.175,0.001,0.002,1.8,0.85,0.69,14.3,0.485
5.1,9.1,64.45,20.55,1,1.3,0.1,5.65,6.8,163,180,14.15,2.7,74.8,0.815,5.71,3.44,0.013,0.003,0.23,0.205,8.205,0.001,0.005,4.8,0.55,0.76,12.85,0.79
1.9,6.2,34.9,11.4,2,2.767,0.2,6,25.4,112.5,115,7.85,5.05,41.6,0.745,3.2,4.08,0.039,0.006,0.122,0.335,7.885,0.002,0.012,15.4,2,1.45,9.2,1.48
2.3,5.6,46.9,15.55,2,2.633,0.2,6.1,12.2,135,143,11.8,5.1,56.9,0.515,4.41,3.88,0.017,0.005,0.005,0.305,7.99,0.001,0.008,8.8,1.5,1.38,10.65,1.05
1.4,6.5,36.25,12.35,2,2.667,0.1,6.5,46.3,107.5,117.5,8.2,7.8,44.6,0.655,3.37,4.12,0.015,0.004,0.037,0.385,7.91,0.002,0.013,14.4,2.1,1.93,7.65,2.28
3.4,11.4,56.65,17.9,1,1.2,0.1,5.5,8.75,157,163.5,12.85,2.6,65.8,0.835,5.13,3.7,0.034,0.004,0.164,0.245,8.12,0.001,0.008,7.4,0.8,0.82,12.4,0.775
4.8,10.8,63.35,20.65,1,1.633,0.1,5.95,3.75,171.5,181.5,14.25,2.85,75.4,0.765,5.82,3.62,0.016,0.004,0.097,0.22,8.145,0.001,0.004,3.5,1.15,1.04,13.45,0.83
3,11,59.3,18.95,1,1.6,0.1,5.65,17.85,152,167,12.95,4.1,68.6,0.78,5.18,3.46,0.022,0.003,0.159,0.275,8.135,0.001,0.009,8.3,2.55,1.1,11.65,1.985
4.9,9.6,59.85,18.9,1,0.8,0.1,5.4,5.6,167,170,13.9,2.2,69.4,0.83,5.42,3.56,0.034,0.004,0.182,0.225,8.145,0.001,0.006,5.8,0.45,0.71,13,0.505
4.3,9.3,67.05,21.75,1,2.033,0.1,6,2.25,179,190,15.75,2.1,79.8,0.825,6.21,3.56,0.007,0.004,0.142,0.185,8.165,0.001,0.002,2.5,0.95,0.92,14.05,0.855
5.4,9.8,62.05,20.8,1,1.567,0.1,5.7,8.8,164,179,14.5,2.95,75.2,0.795,5.69,3.5,0.018,0.002,0.202,0.235,8.18,0.001,0.005,5.5,0.65,0.88,12.85,0.78
7.5,22.4,66.65,20.8,1,0.6,0.1,5.6,2.8,179.5,186,15.15,1.7,76.2,0.86,5.91,3.65,0.017,0.006,0.247,0.17,8.19,0.001,0.004,3.1,0.15,0.64,13.9,0.285
8.6,21.8,68.8,22.9,1,1.3,0.1,6.05,0.65,186,197.5,16.45,2.4,83.9,0.855,6.49,3.57,0.01,0.006,0.222,0.33,8.16,0.001,0.002,2,0.55,0.64,14.4,0.345
4.3,22.3,65.15,21.45,1,1.1,0.1,5.9,4.45,172,187.5,14.8,2.45,78.7,0.84,6.12,3.61,0.012,0.003,0.24,0.2,8.225,0.001,0.005,7.6,0.95,0.71,13.65,0.785
2.9,7.1,56.5,17.85,1,1.3,0.133,5.15,15.1,155.5,161.5,12.95,2.85,65.5,0.795,5.11,3.45,0.042,0.003,0.18,0.265,8.105,0.002,0.01,9.4,1.2,0.68,12.2,1.145
4.9,6.7,65.5,21.55,1,1.733,0.1,5.95,3.5,175,187.5,15.4,2.75,78.8,0.81,6.11,3.51,0.01,0.006,0.145,0.205,8.14,0.001,0.002,4.2,1,0.9,13.85,0.67
1.8,7.2,47.9,16.25,1,1.2,0.1,5.4,30.15,132,144.5,11.2,5.35,59,0.755,4.48,3.38,0.024,0.004,0.165,0.33,8.04,0.001,0.009,9.1,1.3,1.18,10.35,1.665
4.5,6.2,62.15,19.4,1,1,0.1,5.2,5.7,164.5,173.5,13.75,2.2,70.9,0.81,5.49,3.43,0.027,0.003,0.21,0.2,8.135,0.001,0.004,5.4,0.7,0.63,13.05,0.52
5.6,8.8,66.55,21.55,1,1.8,0.1,5.95,2,178,189.5,15.4,2.5,79.6,0.815,6.29,3.51,0.011,0.005,0.157,0.205,8.14,0.001,0.004,7.3,0.85,0.85,14.1,0.62
4.9,6.9,60,20,1,0.967,0.1,5.7,7.9,159.5,174,13.85,2.95,72.5,0.7,5.48,3.49,0.015,0.003,0.22,0.23,8.155,0.001,0.005,4.1,0.55,0.79,12.7,0.51
2,5.4,38.55,11.6,3,4.433,0.267,3.5,17.55,106,111,8.05,4,42.8,0.68,3.36,2.61,0.046,0.004,0.106,0.325,7.87,0.005,0.013,14.9,3.1,0.57,9.25,1.855
4.1,5,64.8,20.7,1,1.6,0.1,5.8,2.25,175,183,15,2.7,75.6,0.735,5.81,3.56,0.008,0.003,0.095,0.21,8.23,0.001,0.007,3.8,1.15,0.9,13.9,0.835
2.9,5.5,43.9,15.05,1,2.2,0.1,4.4,22.3,120,131,10.1,5.1,54,0.715,3.98,2.79,0.02,0.003,0.132,0.32,8.05,0.001,0.008,8,1.25,1.13,9.65,1.33
5.2,11.5,54.45,17.5,1,1.5,0.1,5,7.55,148.5,156.5,12.3,2.55,64.1,0.745,4.95,3.24,0.017,0.004,0.156,0.215,8.055,0.001,0.009,6.4,0.5,0.7,11.8,0.49
3.4,11.1,61.05,19.85,2,2.567,0.167,5.6,3.9,163.5,173.5,13.75,2.85,71.8,0.78,5.42,3.45,0.004,0.003,0.085,0.205,8.105,0.001,0.008,3.8,1.15,1.12,13,0.81
4.3,12.4,58.05,18.9,1,1.6,0.1,5.5,8.6,152,168,12.95,3.2,69.5,0.815,5.45,3.4,0.017,0.003,0.138,0.235,8.165,0.001,0.006,14.4,0.8,1.16,12.55,0.6
4.7,6.6,52.35,16.75,1,1.6,0.1,4.75,10.05,143.5,150.5,11.7,2.7,61.4,0.73,4.76,3.17,0.02,0.004,0.136,0.24,8.045,0.001,0.007,7.3,1.1,0.72,11.55,0.805
2.5,5.3,59,19.55,2,2.2,0.1,5.5,4.55,161.5,170,13.4,2.9,70.8,0.725,5.37,3.38,0.006,0.004,0.052,0.215,8.13,0.001,0.009,5.7,1.55,1.24,12.8,1.175
2.8,5.9,54.05,17.7,1,1.633,0.1,5.1,14.55,144,157.5,12.3,3.7,65.3,0.785,5.14,3.14,0.022,0.003,0.115,0.26,8.135,0.001,0.009,10.1,1.6,1.32,11.7,1.5
3.3,9.6,44.7,14.7,2,2.367,0.1,4.65,13.4,129.5,135,10.05,3.3,53.9,0.72,4.22,3.23,0.009,0.003,0.152,0.26,7.975,0.001,0.008,7.5,1.1,0.72,11.15,0.84
7.8,9.3,68.05,21.4,1,1.467,0.1,5.9,1.75,179,190.5,15.45,2.25,79.2,0.83,6.28,3.65,0.009,0.004,0.203,0.175,8.16,0.001,0.006,2.5,0.5,0.7,13.95,0.315
3.5,9.6,51.05,16.65,1,0.733,0.1,5.4,9.15,140,152.5,11.75,3.45,61.4,0.78,4.84,3.43,0.019,0.004,0.195,0.22,8.14,0.001,0.007,5,0.5,0.76,11.7,0.81
3.7,6.1,52.2,16.7,1,1.033,0.133,4.9,8.9,146.5,152.5,12,2.7,61.7,0.78,4.87,3.33,0.02,0.005,0.178,0.235,7.955,0.001,0.007,7.6,1.15,0.74,12.15,0.655
5.1,6,64.05,19.55,1,1.433,0.1,5.7,3.75,168,178.5,14,2.55,73,0.805,5.91,3.62,0.002,0.007,0.16,0.23,8.175,0.001,0.006,3.5,0.65,0.74,13.25,0.615
3.1,6.6,46.85,15.3,1,1.567,0.1,5.15,12.35,131,141.5,10.7,3.75,56.5,0.765,4.47,3.35,0.017,0.004,0.17,0.265,8.08,0.001,0.008,6.8,1,0.78,11.3,1.1
2.1,5.8,16.6,5.95,3.667,5,0.4,3.35,26.05,64.5,66.65,3.6,5.6,22.8,0.585,1.94,2.7,0.014,0.004,0.025,0.34,7.485,0.001,0.013,13.4,2.9,0.74,7.5,1.93
3.8,4.9,48.45,15.5,1,1.4,0.1,5.1,7.35,136.5,143.5,10.95,3.9,57.9,0.63,4.68,3.41,0.015,0.003,0.04,0.225,8.13,0.001,0.01,5.1,0.8,0.84,11.3,0.815
1.6,5.4,19.05,6.425,2.667,3.867,0.3,4.25,25.65,66,72.95,3.95,5.95,24.6,0.61,2.05,3.03,0.013,0.003,0.03,0.325,7.63,0.001,0.012,17.9,1.9,0.78,7.3,1.515
2,10.4,18.6,6.25,3,5,0.3,3.6,24.8,67.5,70.35,4.15,5.45,24,0.615,2.05,2.89,0.017,0.004,0.03,0.335,7.39,0.001,0.014,15.8,3.15,0.64,7.3,1.935
2.6,11.7,31.35,10.55,2.333,3.533,0.3,4.35,14.05,98,103,7,4.95,39.1,0.615,3.1,3.12,0.011,0.004,0.059,0.295,7.795,0.001,0.012,7.6,0.85,0.88,9.2,1.125
1.8,12.2,19.55,6.55,2.333,3.733,0.367,4.35,22.85,67,74.05,4.15,5.7,24.9,0.635,2.1,3.14,0.011,0.003,0.049,0.305,7.625,0.001,0.012,13.6,1.9,0.82,7.1,1.605
3.5,4.8,37.3,11.6,2.333,3.2,0.267,4.2,18.8,110.5,114,8.25,4.1,43.6,0.7,3.58,3,0.03,0.004,0.114,0.32,7.835,0.001,0.014,14.7,1.9,0.76,10,1.43
4,4.5,54.55,18.05,1,1.833,0.1,5.4,6.75,150,160,12.65,3.5,66.1,0.75,5.13,3.46,0.009,0.005,0.148,0.27,8.08,0.001,0.008,5.8,0.7,0.76,12.15,0.735
2.3,5.1,31.4,10.05,1,2,0.1,4.45,25.9,90.5,100.5,6.6,5.6,37.3,0.675,2.96,3.05,0.018,0.004,0.101,0.295,7.845,0.001,0.01,10.2,2,0.9,8.6,1.86
2.7,10.6,40,12.65,2,2.533,0.2,4.3,17.1,116,122.5,9.1,3.75,47.5,0.72,3.88,3.1,0.015,0.005,0.146,0.27,7.85,0.001,0.01,9.8,2.3,0.8,10.7,1.285
6.1,10.2,64.05,19.4,1,1.6,0.1,5.7,4,167.5,178.5,14.05,2.45,72.6,0.805,5.88,3.63,0.014,0.005,0.188,0.215,8.145,0.001,0.006,4.1,0.5,0.71,13.25,0.395
2.2,10.6,39.1,13.15,1,1.7,0.133,4.85,15.95,112,123.5,8.5,4.35,48.4,0.735,3.8,3.24,0.014,0.004,0.149,0.245,7.995,0.001,0.009,9.1,2.45,0.86,10.25,2.205
1.5,3.8,17.8,5.925,2,4.133,0.333,3.4,32.4,65,68.8,3.85,5.9,23,0.6,2,2.74,0.022,0.006,0.052,0.36,7.435,0.001,0.017,17.6,5.25,0.96,7.9,3.445
2.2,3.5,22.85,7.575,2.667,4.133,0.267,3.8,19.6,77.5,81.1,4.9,5.2,28.9,0.545,2.41,2.9,0.011,0.003,0.035,0.305,7.65,0.001,0.012,9.1,1.45,0.94,8.25,1.385
2.1,4,18.85,6.675,2,3.333,0.167,4.15,32.55,67,74,4.1,6.3,25.2,0.63,2.08,2.94,0.012,0.003,0.064,0.345,7.615,0.001,0.013,11.6,1.3,1.09,7.7,1.735
2.7,8.7,20.55,6.95,2.333,4,0.367,3.5,30.1,72,75.95,4.45,5.6,26.6,0.61,2.24,2.8,0.023,0.005,0.064,0.355,7.525,0.001,0.015,16,3.85,0.94,8.25,2.62
4.7,7.1,36.35,10.85,2,3.267,0.2,4.45,13,109.5,112,8.35,4.15,41.9,0.665,3.63,3.19,0.013,0.004,0.097,0.255,7.875,0.001,0.008,6.9,1,0.82,10,0.835
2,8.2,19.45,6.9,2,3.433,0.233,4.2,27.15,68.5,75.95,4.3,5.95,26.1,0.64,2.14,2.99,0.014,0.003,0.066,0.315,7.65,0.001,0.013,12,1.55,1.07,7.85,1.915
1.9,6.8,26.65,8.85,2,3.333,0.2,3.75,26.85,81.5,90.8,5.9,5.2,33.3,0.635,2.72,2.88,0.019,0.003,0.09,0.465,7.555,0.001,0.013,12.9,2.9,0.96,8.95,2.045
1.9,7.2,32.1,10.8,1,1.867,0.133,4.55,18.85,96.5,105.5,7,4.9,39.9,0.69,3.14,3.11,0.014,0.003,0.121,0.265,7.915,0.001,0.01,9.5,2.75,0.92,9.45,2.44
1.4,6.4,18.55,6.675,2.333,4.033,0.2,3.4,32.15,64,72.1,4.1,5.85,25.2,0.6,2.08,2.77,0.02,0.003,0.053,0.385,7.37,0.001,0.016,17.2,4.75,0.98,7.9,3.855
3.3,5.1,62.15,19.05,1.333,1.1,0.1,5.6,8.25,168,175.5,15,3.2,71.5,0.81,5.85,3.57,0.021,0.006,0.181,0.2,8.145,0.001,0.008,6.3,1.3,0.68,13.25,1.155
1.8,7.2,18.95,6.9,2,2.9,0.2,4.05,32.2,67.5,74.65,4,6.45,25.8,0.66,2.1,2.94,0.01,0.003,0.067,0.315,7.605,0.001,0.013,12.8,1.75,1.15,7.7,1.995
1.5,3.2,38.5,12.8,2,3.2,0.133,3.65,49.95,104.5,115.5,8.6,6.8,47.1,0.635,3.7,2.58,0.027,0.005,0.118,0.46,7.745,0.001,0.015,15.6,4,0.79,9.25,3.115
2.5,2.5,68.35,21.7,1,1.833,0.167,5.9,3.25,181,192,16.3,2.5,80.6,0.755,6.43,3.67,0.02,0.003,0.122,0.225,8.33,0.001,0.008,6,1.05,0.71,14.15,1.3
2.1,3,51.3,16.85,1,2.467,0.167,4.45,29.35,136.5,148.5,11.65,5.15,61.7,0.99,4.78,3.01,0.017,0.005,0.16,0.305,8.075,0.001,0.007,6.7,1.75,0.99,10.95,1.93
3.8,5.3,46.55,15.3,1,1,0.1,4.5,14.75,127.5,139,10.8,3.5,56.2,0.76,4.37,3.08,0.021,0.002,0.167,0.355,7.9,0.001,0.007,7.2,1.25,0.79,11.2,0.92
4.9,5,71.25,22.8,1,1,0.1,6,1.75,187.5,199.5,16.7,2.2,84.1,0.85,6.59,3.74,0.023,0.004,0.187,0.2,8.245,0.001,0.008,3.4,1.1,0.62,14.4,1.015
3.9,5.2,64.2,20.85,1,0.7,0.1,5.4,5.2,166,183,14.85,2.55,76.4,0.87,5.93,3.55,0.012,0.003,0.24,0.195,8.185,0.001,0.005,3.8,0.8,0.7,13.45,0.88
6.1,13.4,59.05,19.5,1,1.2,0.1,5.2,7.05,156.5,171,13.7,2.2,70.9,0.83,5.38,3.37,0.008,0.003,0.234,0.26,8.04,0.001,0.004,7,0.55,0.74,13.05,0.355
8.8,13.3,72.3,23.55,1,0.9,0.1,6.1,1.6,190,204.5,16.6,2.1,86.8,0.875,6.81,3.79,0.016,0.005,0.256,0.19,8.225,0.001,0.007,2.8,0.5,0.56,14.6,0.25
4.7,13.7,71.9,23.85,1,0.9,0.1,5.8,1.6,186,203.5,16.75,1.9,86.9,0.895,6.67,3.67,0.005,0.002,0.287,0.155,8.225,0.001,0.004,4.2,0.5,0.67,14.45,0.71
5.5,7,57.85,18.95,1,0.8,0.1,5,8.05,152.5,167,13.15,2.35,69,0.835,5.25,3.28,0.019,0.003,0.212,0.355,8.065,0.001,0.006,6.1,1.45,0.75,12.85,1.03
3.5,6.8,71.45,23.45,1,0.8,0.1,6,1.7,188,202,16.1,2.1,86,0.86,6.66,3.81,0.017,0.005,0.221,0.18,8.225,0.001,0.005,3.2,1,0.62,14.5,1.24
4,7.1,69.1,23.3,1,0.9,0.1,5.4,3.1,177,197,15.6,2.15,84.6,0.875,6.45,3.59,0.009,0.005,0.257,0.18,8.245,0.001,0.004,5.8,0.8,0.71,14.25,0.69
2.5,2.9,60.95,20.35,1,1.733,0.167,4.9,13,158.5,175.5,13.75,3.4,74.3,0.86,5.72,3.26,0.013,0.003,0.195,0.255,8.195,0.001,0.008,9,1.45,0.94,13.1,1.27
2.2,3.2,32.45,10.5,1,0.933,0.1,2.8,20.6,90,99.4,6.9,3.85,38.8,0.66,3.08,2.11,0.03,0.002,0.146,0.315,7.725,0.001,0.012,11.7,3.2,1.1,9.55,3.175
0.7,2.7,20.4,7.025,3,4.7,0.3,1.85,54.9,62,69.4,4.35,6.9,26.8,0.61,2.24,1.67,0.03,0.005,0.096,0.43,7.38,0.003,0.027,31.2,9.55,1.3,7.55,11.55
1.9,2.5,51.65,16.75,3,3.633,0.1,4.5,8.15,140.5,149.5,11.9,3.55,62.1,0.66,4.93,2.9,0.007,0.007,0.053,0.28,8.07,0.001,0.011,8.3,2.6,0.84,11.75,2.345
0.8,2.8,18.8,6.8,1,2.4,0.467,1.9,78.1,59.5,66.7,4.15,9.35,25.8,0.845,2.17,1.63,0.011,0.007,0.076,0.415,7.545,0.002,0.018,20.7,5.7,2.26,7.2,7.725
1.4,2.7,5.2,2.325,2,3.567,0.333,1,34.15,28.5,31.75,1,5.75,9.6,0.445,0.93,1.15,0.017,0.004,0.033,0.345,6.65,0.002,0.016,15.9,6.25,1.1,6.5,4.55
1.9,2.1,49.1,16.3,2,2.9,0.1,4.4,8.05,136.5,144,11.25,3.5,60.2,0.6,4.76,2.84,0.008,0.006,0.032,0.255,8.06,0.001,0.01,9.6,2.2,0.81,11.6,2.115
1.2,2.5,8.9,3.55,1,2.633,0.367,1.1,29.1,38,41.6,1.9,5.8,14,0.555,1.25,1.35,0.016,0.003,0.046,0.32,7.215,0.001,0.014,15.4,7.7,1.2,6.95,4.57
1.9,3.9,3.8,1.975,2,3.4,0.367,0.95,27.1,26.5,29.1,0.7,5.15,8.3,0.415,0.84,1.12,0.006,0.004,0.028,0.315,6.48,0.001,0.012,12.1,2.7,0.98,6.7,2.445
2.3,3.5,21.45,7.525,4,5.667,0.3,2.25,10.75,70,73.85,4.3,4.2,28.7,0.335,2.4,1.73,0.005,0.004,0.005,0.27,7.62,0.001,0.011,9.3,1.6,0.65,8.5,1.725
1.8,4.1,6.05,2.6,1,2.1,0.333,0.85,26.2,31,34.3,1.15,5.5,10.8,0.46,1.04,1.24,0.018,0.003,0.043,0.295,7,0.001,0.01,9.1,1.9,1.16,6.8,1.925
1.2,6.1,6.1,2.675,2,3.033,0.333,1,25.4,32.5,35.3,1.2,4.75,11.1,0.51,1.08,1.23,0.006,0.004,0.044,0.29,6.875,0.002,0.013,16,4.2,1.04,6.95,4.915
2,5.4,19.65,7.075,2,3.2,0.2,2.1,10.1,65,69.5,3.7,4.05,26.9,0.33,2.25,1.66,0.003,0.002,0.005,0.255,7.595,0.001,0.01,7.7,2.1,0.74,8.3,2.035
1.9,6.3,13.05,4.75,1,1.867,0.3,1.35,22.35,48.5,52.45,2.9,4.9,18.7,0.525,1.66,1.51,0.014,0.003,0.038,0.275,7.485,0.001,0.01,10.5,2.8,1.05,7.7,2.565
0.8,5.5,15.5,5.525,2.333,3.733,0.267,1.7,55.15,53,58.55,3.4,7.5,21.8,0.625,1.96,1.64,0.011,0.006,0.069,0.41,7.265,0.003,0.023,22.6,6,1.34,7.3,8.41
2.5,5.1,51.5,17.1,2.333,3.333,0.167,4.5,5.05,142.5,150.5,11.75,3,62.8,0.62,4.92,2.92,0.013,0.006,0.044,0.24,8.09,0.001,0.008,7.1,2.2,0.6,12,1.475
1.3,5.2,16.3,5.95,1.333,2.833,0.3,1.85,38.55,57,62.5,3.6,6.6,23.2,0.595,2.04,1.7,0.011,0.005,0.052,0.365,7.55,0.001,0.015,16.5,5.15,1.51,8.05,5.375
7.4,9.2,63.5,20.2,1,0.667,0.1,5.4,4.8,160,179.5,14.8,1.9,74.5,0.835,5.84,3.47,0.011,0.002,0.243,0.195,7.985,0.001,0.004,3.7,0.9,0.67,13.3,0.705
6.3,8.5,73.25,23.75,1,0.6,0.1,6.1,0.65,190,204.5,16.9,1.85,86.7,0.86,6.65,3.68,0.01,0.007,0.237,0.155,8.22,0.001,0.003,3.3,0.9,0.6,14.4,0.54
3.2,8.9,55.3,18.35,1,0.9,0.1,4.4,9.5,147,161,12.5,2.9,67.4,0.77,5.26,3.05,0.011,0.005,0.213,0.2,8.14,0.001,0.009,4.7,0.95,0.9,12.55,1.31
3,10,60.3,19,1,0.733,0.1,5,10,152,169,13.45,2.35,69.9,0.785,5.45,3.24,0.01,0.003,0.228,0.225,8.005,0.001,0.005,6.5,1.55,0.74,12.6,1.325
7.2,9.7,70.85,23.9,1,0.8,0.1,6.05,0.3,190,202.5,17,1.9,86.6,0.87,6.57,3.68,0.008,0.007,0.241,0.155,8.205,0.001,0.004,2.9,0.85,0.6,14.4,0.365
4.9,10.2,75.05,24.2,1,0.933,0.133,5.75,0.95,187.5,207.5,17.15,1.7,88.1,0.91,6.75,3.72,0.006,0.004,0.296,0.155,8.245,0.001,0.004,3,0.95,0.7,14.65,0.52
7.4,14.3,64.2,20.6,1,1.033,0.1,5.4,5.05,165.5,181.5,14.9,1.85,75.5,0.85,5.87,3.58,0.008,0.002,0.251,0.235,8.065,0.001,0.007,3.8,0.4,0.7,13.4,0.715
8.2,14.2,73.75,23.9,1,0.967,0.1,6.2,0.4,192.5,205.5,17.3,1.85,87.1,0.885,6.67,3.69,0.005,0.004,0.26,0.155,8.21,0.001,0.004,2.7,0.65,0.58,14.5,0.24
4.3,14.3,75.7,23.95,1,1.3,0.133,5.9,0.95,187.5,207.5,17.05,1.8,87.3,0.88,6.7,3.72,0.004,0.002,0.263,0.155,8.24,0.001,0.005,4.5,0.75,0.68,14.6,0.635
2.8,4.6,61.35,19.7,1,0.7,0.1,5.2,9.6,158.5,174.5,14.15,2.35,72.2,0.825,5.65,3.39,0.018,0.003,0.215,0.33,8.04,0.001,0.006,8.1,2.8,0.72,13.1,2.055
3,4.1,72.5,21.65,1,1.433,0.1,6.1,1.25,191,198.5,17,2.05,81.7,0.875,6.73,3.77,0.028,0.007,0.2,0.195,8.235,0.001,0.005,3.7,1.55,0.66,14.65,1.445
2.4,4.5,71.25,23.45,1,1.067,0.133,5.6,7.4,181,200,16.35,2.5,85.5,0.945,6.56,3.57,0.013,0.002,0.256,0.205,8.23,0.001,0.007,6.1,2.1,0.77,14.1,2.1
2.9,10.9,26.9,9.05,1,1.4,0.1,3.9,28.8,82,89.8,5.5,4.7,33.2,0.63,2.56,2.72,0.014,0.004,0.219,0.25,7.69,0.001,0.009,7.4,1.1,1.6,7.9,1.02
8.2,11.5,68.15,21.7,1,0.8,0.1,5.7,1.85,178.5,191.5,15.1,1.9,79.8,0.85,6.24,3.66,0.016,0.004,0.232,0.165,8.24,0.001,0.007,2.7,0.75,0.61,14,0.435
5.1,11.5,72.7,23.95,1,0.733,0.1,6.15,1.15,184.5,205,16.85,1.8,87.1,0.935,6.63,3.91,0.013,0.002,0.252,0.175,8.115,0.001,0.005,3.4,1.2,0.61,14.05,0.52
2.4,3.7,29.9,10.2,1,1.4,0.1,4.4,43.6,87,96.6,6.1,5.2,36.6,0.63,2.7,2.96,0.025,0.005,0.178,0.31,7.7,0.001,0.009,12.5,1.7,1,7.3,1.68
3.8,4.1,67.45,21,1,1.767,0.1,5.65,5.8,175,185.5,14.9,2.3,77.5,0.81,6.1,3.6,0.022,0.004,0.133,0.215,8.225,0.001,0.01,5.3,1.15,0.74,13.05,1.085
6.6,9.2,58.6,19.2,1,1,0.1,5.3,10.6,151,169,12.7,2.8,69.6,0.8,5.3,3.46,0.014,0.002,0.277,0.18,8.05,0.001,0.003,5.4,0.5,0.88,12.6,0.31
6.8,11,66.85,21.35,1,1.4,0.1,5.6,2.55,176.5,188,15.2,1.95,79,0.855,6.25,3.61,0.013,0.004,0.235,0.175,8.195,0.001,0.012,1.9,0.6,0.6,13.4,0.35
1.2,5.4,6.1,2.8,1,2.133,0.1,2.9,52.3,33,36.5,0.8,6.3,10,0.52,0.74,2.1,0.017,0.005,0.145,0.35,6.83,0.002,0.018,16.9,5.1,1.82,4.4,4.92
3.1,6.3,65.65,20.7,1,1.3,0.1,5.55,3.55,171.5,184,14.65,2,76.8,0.82,6.12,3.58,0.015,0.004,0.21,0.185,8.205,0.001,0.009,3.5,1.65,0.56,13.2,0.91
3.5,6.3,67.7,22.55,1,0.933,0.1,5.9,4.6,177.5,193,15.65,2.15,82,0.915,6.25,3.75,0.016,0.002,0.218,0.19,8.13,0.001,0.006,4,1.4,0.64,13.35,0.975
1.4,3.7,6,2.65,1,1.967,0.1,3.3,49.8,33,36.6,0.5,6.7,9.4,0.52,0.68,2.32,0.014,0.004,0.137,0.34,6.74,0.001,0.013,14.8,4.1,1.82,4.2,3.15
1.3,3.7,51.6,16.2,4,5.067,0.4,4.85,19,139.5,146.5,11.65,3.35,60,0.69,4.76,3.21,0.016,0.005,0.107,0.265,7.985,0.001,0.017,11.9,4.6,0.48,10.4,4.555
1.5,3.7,29.15,9.45,1.667,2.633,0.267,4.15,44.45,85,90.8,6.55,6.15,34.3,0.81,2.6,2.88,0.03,0.003,0.049,0.37,7.73,0.002,0.017,15.7,3.4,1.24,6.3,4.97
5,5.1,53.7,17.8,1,0.6,0.1,4.9,14.2,143,157,12.2,3.1,64.6,0.75,4.92,3.18,0.02,0.003,0.256,0.2,8.04,0.001,0.006,3.6,0.6,0.86,11.7,0.82
3.9,5,71.2,23,1,1.233,0.1,5.7,3.15,179.5,197,15.3,1.95,83.5,0.865,6.36,3.72,0.024,0.005,0.184,0.195,8.245,0.001,0.01,4.4,0.8,0.66,13.55,0.985
4,4.7,70.75,23,1,0.8,0.1,6.1,2.8,182,199,16.2,2.05,83.7,0.89,6.42,3.81,0.025,0.002,0.221,0.185,8.125,0.001,0.005,4,0.85,0.76,13.8,0.895
4.1,4.8,52.5,17.2,1,0.6,0.1,4.7,17.5,136,151,11.7,3.3,62.4,0.72,4.74,3.06,0.028,0.004,0.249,0.22,8,0.001,0.005,6.4,0.5,0.9,11.1,0.74
4.8,4.8,68.55,22.8,1,0.867,0.1,5.95,4.75,179.5,194,15.8,2.35,82.5,0.91,6.25,3.81,0.02,0.001,0.129,0.195,8.125,0.002,0.005,5.6,0.85,0.96,13.3,0.955
2,4.4,42.2,13.3,1,1.567,0.1,3.6,37.9,104,118,8.9,5.3,47.6,0.69,3.52,2.38,0.038,0.004,0.212,0.33,7.83,0.001,0.012,10.9,0.5,1.24,8.4,1.4
3.7,4.5,69.2,21.9,2,2.567,0.1,5.7,4.9,176.5,190,15.2,2.15,80.2,0.82,6.21,3.65,0.016,0.005,0.08,0.22,8.235,0.001,0.012,7.8,1.25,0.88,12.9,1.66
3.6,7.1,49.6,15.8,1,0.7,0.1,4.3,23.8,125,140,10.6,4.1,57.2,0.73,4.36,2.84,0.02,0.003,0.236,0.25,7.94,0.001,0.007,7.6,1.6,1.06,10.2,0.75
6,7.2,69.95,22.5,1,1.233,0.1,5.8,2.55,182.5,194.5,15.65,1.7,81.9,0.875,6.26,3.65,0.02,0.004,0.166,0.19,8.26,0.001,0.008,2.3,0.75,0.7,13.6,0.745
6,7.3,71.25,23.35,1,0.667,0.1,6.05,2.15,185.5,199.5,16,2,84.9,0.895,6.45,3.86,0.025,0.002,0.178,0.19,8.125,0.001,0.005,5.3,0.75,0.92,13.2,0.56
13,21.9,71,22.3,1,0.3,0.1,5.9,3.6,175,198,16.2,2,82.2,0.85,6.46,3.68,0.013,0.003,0.298,0.14,8.19,0.001,0.003,11,0.6,0.66,14.4,0.19
7.8,22.4,67.5,21.8,1,1.1,0.1,5.7,0.5,176.5,189.5,15.25,1.8,79.2,0.87,6.05,3.58,0.013,0.004,0.238,0.17,8.215,0.001,0.009,2.3,0.65,0.62,13.55,0.34
10.9,23.4,72.65,24.3,1,0.667,0.1,6.2,0.4,190,205,16.5,1.6,87.8,0.88,6.64,3.9,0.014,0.003,0.268,0.145,8.15,0.001,0.004,3,0.6,0.74,13.7,0.24
4.3,6.9,55.2,17.8,1,1.3,0.1,4.7,16.8,138,157,12.8,3.5,65,0.77,5.02,3.02,0.03,0.004,0.249,0.22,8.08,0.001,0.005,4.3,1,0.9,11.7,0.7
4.2,14.6,60.9,19.2,1,0.5,0.1,5.6,8.3,155,173,14,2.7,70.8,0.79,5.58,3.5,0.02,0.003,0.268,0.17,8.14,0.001,0.003,8,0.5,0.76,12.5,0.46
6.2,16.3,69.55,22.45,1,1,0.1,5.8,0.35,180,194,15.35,1.85,81.6,0.885,6.21,3.65,0.016,0.004,0.223,0.18,8.235,0.001,0.009,2.8,0.5,0.62,13.75,0.37
10.8,13.6,72.85,24.6,1,0.6,0.1,6.2,0.25,190,205.5,16.85,1.7,88.4,0.94,6.57,3.81,0.015,0.002,0.253,0.145,8.13,0.002,0.004,2.5,0.55,0.74,13.6,0.22
2.8,9.7,36.7,12.6,1,1.1,0.1,5.1,29.2,104,116,8.2,4.7,45,0.64,3.32,3.34,0.043,0.004,0.232,0.28,7.85,0.001,0.006,8.6,1.1,1.38,8.6,0.76
21.3,10.4,66.6,21.65,1,1.8,0.1,5.9,3.2,174,187.5,13.8,2,79.1,0.795,6.09,3.75,0.016,0.004,0.12,0.205,8.17,0.001,0.012,4.3,0.7,0.64,13.1,0.585
6,10.5,67.4,22.45,1,1.1,0.1,6.25,3.5,176.5,191,15.5,2.25,81,0.945,6.09,3.86,0.021,0.001,0.13,0.195,8.08,0.002,0.007,5.1,0.55,1.22,12.55,0.655
1.5,13.1,19.7,7,4,5.467,0.4,6.7,45.8,70,79.8,4.3,7.1,24.6,0.62,1.74,4.4,0.029,0.005,0.189,0.39,7.55,0.002,0.017,20.5,2.7,1.68,5.5,2.5
1.6,13.2,27.3,9.7,9.667,13.933,0.9,7,22.15,92.5,98.1,6.1,6,33.9,0.59,2.35,4.74,0.015,0.002,0.005,0.41,7.71,0.001,0.025,21.4,4.4,0.39,6.3,4.735
1.7,13.2,35.45,11.95,11,13.733,0.733,6.95,17.05,107,115.5,7.45,5.1,41.5,0.665,2.86,4.63,0.026,0.002,0.019,0.42,7.76,0.002,0.027,24.3,4.25,0.92,7.7,4.43
1.3,2.9,17.6,6.65,3.333,4.767,0.4,6.9,46.7,70,77.4,4,7,23.4,0.61,1.66,4.54,0.035,0.005,0.192,0.41,7.52,0.001,0.018,24.3,4.2,1.72,5.5,3.46
2,2.8,35.15,12.6,7.333,10.467,0.667,6.75,18.5,109,117,7.35,4.95,44.1,0.56,3.07,4.55,0.025,0.003,0.005,0.4,7.8,0.001,0.027,21.6,4.85,0.63,7.6,5.365
1.3,5.2,15.8,5.65,2,3.467,0.3,7.1,48.3,65,72.2,3.5,6.8,20.2,0.61,1.44,4.58,0.056,0.004,0.181,0.4,7.41,0.001,0.016,21.8,2.7,1.86,5.2,2.61
2.4,5.2,50.05,17,4,6,0.6,6.5,11.5,138.5,150,11.15,4.2,60.6,0.635,4.43,4.24,0.016,0.003,0.006,0.295,7.99,0.001,0.018,11.2,1.75,0.5,9.8,1.885
1.9,5.4,48.85,16.15,5,6.467,0.4,6.8,10.85,136.5,147.5,10.85,3.95,57.8,0.775,4.26,4.6,0.021,0.001,0.018,0.31,7.91,0.002,0.017,14.2,2.15,1.09,9.6,2.105
2.7,7.8,39.5,13.4,1,1.2,0.1,4.7,24.8,106,121,9.1,4.1,48,0.64,3.56,2.98,0.037,0.004,0.235,0.24,7.93,0.001,0.005,11.1,1.1,1.26,9.1,0.62
4.9,8,66.3,21.1,1,1.533,0.133,5.85,2.65,174.5,184.5,13.1,1.9,76.9,0.815,5.9,3.67,0.012,0.002,0.101,0.2,8.205,0.001,0.011,3.6,1.15,0.58,13.1,0.705
5,7.1,61.7,19.6,1,0.7,0.1,5.4,8.7,156,173,14.1,2.7,71.2,0.77,5.44,3.42,0.014,0.003,0.264,0.17,8.14,0.001,0.002,5.2,0.7,0.82,12.7,0.23
5.2,7.3,68,22.55,1,1.533,0.1,5.9,1.35,179.5,192.5,14.9,1.8,81.3,0.855,6.08,3.71,0.012,0.003,0.135,0.195,8.245,0.001,0.012,3.7,0.9,0.56,13.5,0.5
4.3,10.7,62.9,20,1,0.633,0.1,5.7,5.4,166,179,14.6,2,73.8,0.8,5.78,3.54,0.015,0.003,0.274,0.16,8.17,0.001,0.002,3,0.8,0.72,13.2,0.28
4.9,11.2,69.1,22.35,1,1.233,0.1,5.95,0.9,182,193,14.35,1.7,80.7,0.85,6.07,3.74,0.016,0.003,0.162,0.18,8.285,0.001,0.009,2.2,1,0.54,13.55,0.425
6.5,11.5,73,23.85,1,0.867,0.1,6.15,1,187,203,16.5,1.8,86.4,0.915,6.54,3.95,0.012,0.002,0.265,0.17,8.165,0.001,0.004,3.3,0.65,0.89,13.55,0.38
4.3,5.4,73.3,23.35,1,0.667,0.1,6.2,0.7,188.5,202.5,16.65,1.9,85.5,0.865,6.63,3.91,0.012,0.003,0.234,0.16,8.145,0.001,0.005,2.8,0.5,1.04,13.65,0.29
8.3,9.3,72.5,23,1,0.3,0.1,6,1.5,179,201,16.6,1.6,83.8,0.86,6.44,3.74,0.021,0.003,0.3,0.13,8.22,0.001,0.002,3.5,0.5,0.68,14.3,0.09
6.4,9.8,71.3,23.8,1,0.6,0.1,6.2,0.3,189,201.5,16.85,1.75,86.3,0.89,6.57,3.82,0.009,0.003,0.248,0.155,8.15,0.001,0.004,2.3,0.55,0.8,13.6,0.335
1.5,5,30,10.3,2,2.367,0.167,5.1,43.6,95,99.3,6.9,5.8,37.2,0.7,2.76,3.28,0.031,0.004,0.171,0.34,7.55,0.001,0.012,15.8,3.6,1.02,7.1,2.23
4.1,4.9,67.6,21.35,1,1.6,0.1,6,4.55,176.5,187,15.05,2.4,77.8,0.76,5.95,3.74,0.009,0.004,0.107,0.205,8.135,0.001,0.01,6.1,0.9,0.66,12.95,0.91
3.9,4.8,73.55,22.8,1,0.667,0.1,6.35,4.8,188,199,15.85,2.15,83.3,0.945,6.41,3.78,0.014,0.002,0.139,0.19,8.145,0.001,0.006,6.5,1.05,0.74,12.9,1.4
1.8,3.3,35.8,11.9,1,1.4,0.1,5,31.7,100,112,8.1,4.8,43,0.72,3.26,3.24,0.027,0.003,0.195,0.27,7.9,0.001,0.005,9.6,1.4,1.04,8.1,1.18
4,6.9,56.5,18.9,1,0.7,0.1,5.6,7.9,150,166,13.6,2.5,68.6,0.77,5.22,3.56,0.018,0.002,0.266,0.16,8.13,0.001,0.002,3.5,0.6,0.78,11.8,0.43
5.2,7.2,65.4,20.8,1,1,0.1,6.2,2.1,175.5,184.5,15,2.2,76,0.82,5.87,3.86,0.013,0.005,0.222,0.185,8.155,0.001,0.008,3,0.5,0.58,13.15,0.275
6.5,6.9,49.7,23.25,1,0.7,0.1,6.35,1.55,136,182.5,15.85,1.8,84.7,0.88,6.49,3.83,0.01,0.002,0.206,0.17,7.81,0.001,0.005,2.7,0.5,0.86,13.55,0.3
9.9,24.4,70.8,22.9,1,0.433,0.1,6.1,1.4,179,199,16.4,1.6,83.6,0.89,6.4,3.76,0.01,0.003,0.3,0.13,8.2,0.001,0.002,3.5,0.5,0.7,14.3,0.1
8.5,25.6,70.45,22.45,1,0.7,0.1,6.05,0.2,184,197,15.9,1.8,82.4,0.86,6.4,3.78,0.007,0.004,0.247,0.15,8.14,0.001,0.005,2.2,0.5,0.6,13.95,0.25
8,19.9,68.8,22.5,1,0.967,0.1,6.2,0.4,181.5,195.5,16.85,1.6,82.6,0.94,6.43,3.81,0.002,0.003,0.263,0.14,8.12,0.001,0.004,4,0.5,0.89,13.7,0.19
8.3,19.9,62.4,20.2,1,0.6,0.1,6,3.4,162,179,14.5,2.2,74.2,0.8,5.74,3.8,0.012,0.002,0.284,0.15,8.12,0.001,0.004,3.3,0.5,0.74,12.6,0.15
6,20.5,66.7,21.55,1,0.967,0.1,6.4,2.45,178.5,189.5,15.2,2.25,78.3,0.835,5.96,3.98,0.014,0.003,0.222,0.185,8.195,0.001,0.009,4,0.5,0.63,13.35,0.3
8.1,20.7,70.2,22.4,1,0.733,0.1,6.2,1.1,184,196,16.55,1.85,82.2,0.87,6.38,3.88,0.009,0.003,0.25,0.175,8.13,0.001,0.005,2.3,0.5,0.54,13.45,0.22
9.8,13.2,67.1,21.6,1,0.5,0.1,5.9,1.9,171,190,15.1,2,79,0.84,6.08,3.82,0.013,0.002,0.29,0.14,8.16,0.001,0.006,2.2,0.5,0.72,13.4,0.1
6.3,13.4,69.95,22.1,1,0.6,0.1,6.4,0.9,186,195.5,16.1,1.9,80.6,0.86,6.19,3.96,0.008,0.005,0.25,0.15,8.18,0.001,0.006,2.1,0.5,0.64,13.8,0.2
12,17.2,70.2,22.7,1,0.4,0.1,6,1.7,178,198,16.3,1.8,83.2,0.85,6.42,3.86,0.011,0.002,0.304,0.13,8.21,0.001,0.002,2.2,0.6,0.72,13.8,0.21
10.3,17.1,68.3,22.7,1,0.7,0.1,6.4,1.4,181,195.5,15.55,1.9,82.1,0.835,6.2,4.05,0.009,0.003,0.23,0.16,8.095,0.001,0.008,4.6,0.5,0.63,13.5,0.26
11.9,16.1,72.65,23.3,1,0.5,0.1,6.2,0.55,191,203,17.3,1.75,85.8,0.875,6.71,3.85,0.009,0.003,0.261,0.145,8.13,0.001,0.004,2.4,0.5,1.22,13.95,0.205
12.1,20,71.9,22.7,1,0.5,0.1,6.1,2,179,199,16.5,1.7,83.4,0.85,6.46,3.84,0.008,0.002,0.292,0.12,8.16,0.001,0.002,2.1,0.6,0.74,13.9,0.18
10.4,20.8,70.8,23.65,1,0.667,0.1,6.35,0.6,187.5,201.5,16.05,1.75,85.2,0.85,6.35,3.98,0.006,0.003,0.254,0.145,8.085,0.001,0.008,2.5,0.5,0.62,14,0.145
13.5,23.5,73.35,23.55,1,0.533,0.1,6.3,0.35,190.5,204,17.2,1.6,86.3,0.875,6.68,3.86,0.008,0.003,0.262,0.14,8.195,0.001,0.004,2.5,0.5,0.67,13.85,0.12
4.6,31.9,17.9,6.35,1,1.1,0.1,6.2,12.7,71,76.5,3.8,3.8,23,0.54,1.72,4.16,0.002,0.002,0.192,0.21,7.49,0.001,0.003,5.3,0.6,1.1,6.7,0.33
3.8,34.7,19.95,7.2,4,5.067,0.1,6.5,10.25,77,81.4,3.7,3.8,25.7,0.55,1.88,4.21,0.004,0.004,0.019,0.24,7.6,0.001,0.009,5.3,0.85,0.69,6.85,0.605
5.6,32.3,21,8,2,2.8,0.3,6.4,9.05,80,85.95,4.7,3.5,28.7,0.64,2.11,4.16,0.002,0.001,0.08,0.215,7.62,0.001,0.006,3.7,0.5,0.83,7,0.35
5.6,11.5,21.2,7.65,2,1.7,0.1,5.5,11,79,83.3,4.9,3.3,27.8,0.55,2.12,3.68,0.002,0.002,0.188,0.2,7.64,0.001,0.006,5.3,0.7,1.06,7.4,0.4
4.5,11.3,20.6,7.625,3,3.967,0.2,6.05,9.5,78,82.55,4.25,3.9,27.1,0.55,1.97,3.97,0.003,0.003,0.026,0.225,7.555,0.001,0.009,4.7,0.6,0.64,7.05,0.575
5,10.8,23.5,8.625,2,2.967,0.3,6.2,8.25,85,90.5,5.05,3.35,31.2,0.64,2.34,3.98,0.007,0.002,0.06,0.22,7.555,0.001,0.007,6.7,0.65,0.77,7.3,0.54
8,23.7,53.6,17.3,1,0.7,0.1,5.6,6.3,146,157,12.2,2.5,63.2,0.75,4.9,3.66,0.014,0.002,0.264,0.17,8.04,0.001,0.004,2.4,0.5,0.96,11.4,0.11
6.3,23.9,68.1,22.75,1,0.7,0.1,6.4,1.75,179,194,15.35,2.15,81.5,0.845,6,4.03,0.009,0.003,0.227,0.16,8.11,0.001,0.01,2.6,0.5,0.63,13.35,0.19
14.5,14.5,72,24.3,1,0.7,0.1,6.3,0.45,188.5,205,16.65,1.8,88.3,0.94,6.71,3.86,0.01,0.003,0.24,0.155,8.195,0.001,0.004,2.5,0.5,0.74,13.7,0.165
14,32,72.7,22.5,1,0.567,0.1,6.1,2.4,177,198,15.7,1.9,82,0.82,6.26,3.9,0.008,0.002,0.305,0.13,8.18,0.001,0.002,2.2,0.7,0.78,13.6,0.09
12,31.5,71.6,24.2,1,0.6,0.1,6.4,0.9,187.5,204,16.35,1.8,86.8,0.875,6.41,3.98,0.006,0.004,0.265,0.145,8.135,0.001,0.005,2.8,0.5,0.61,13.9,0.125
9,34,72.9,25.2,1,0.5,0.1,6.25,0.35,191,209.5,16.9,1.6,91.4,0.925,6.92,3.92,0.007,0.004,0.269,0.135,8.185,0.001,0.004,2,0.5,0.62,14,0.085
13.9,32.1,72.1,23.05,1,0.5,0.1,6.35,0.25,187,202,16.55,1.7,85,0.91,6.68,3.86,0.003,0.004,0.295,0.12,8.14,0.001,0.005,1.7,0.6,0.78,13.95,0.055
9.6,35.5,72.15,23.05,1,0.9,0.1,6.8,0.8,189,200.5,16.55,1.9,83.8,0.875,6.41,4.1,0.003,0.004,0.282,0.175,8.27,0.001,0.002,3.2,0.55,0.61,12.8,0.14
5,15.8,41.3,13.8,1,0.533,0.1,6.2,10.1,121,132,9.4,3,50,0.74,3.82,4,0.021,0.002,0.306,0.17,7.91,0.001,0.004,4.7,0.5,0.96,10,0.17
4.1,14.6,45.85,14.5,2,2.967,0.1,6.15,6.25,131,138.5,10.35,3.2,52.7,0.69,4.01,3.98,0.012,0.005,0.15,0.21,8.025,0.001,0.011,5.2,1.65,0.48,10.3,0.55
6.5,14.9,49.55,16.45,1.333,2.167,0.1,6.25,5.7,143,150.5,11.6,2.6,59.9,0.74,4.59,4,0.024,0.003,0.215,0.2,7.94,0.001,0.007,7.1,0.5,0.45,10.6,0.37
2.7,21.5,14.4,5.9,1,1.1,0.1,6.9,34.2,66,71.3,3.4,5.1,20.6,0.58,1.42,4.44,0.023,0.003,0.244,0.29,7.3,0.001,0.007,8.5,1.2,1.66,5.5,0.95
4,22.2,31.65,12,3,4.233,0.2,7.35,11.3,113,116.5,7.6,3.5,43,0.665,3.17,4.63,0.004,0.005,0.075,0.23,7.93,0.001,0.01,7.6,0.85,0.58,8.6,0.635
4.3,22.4,38.95,13.85,4,5.7,0.4,8.05,9.3,125,134,9.1,3.1,49.9,0.81,3.72,5.01,0.008,0.002,0.127,0.23,7.835,0.001,0.01,6.8,0.65,0.68,9.1,0.54
2.3,7.8,13.4,5.4,1,1.5,0.133,7,35,63,68.2,2.9,5.3,18.8,0.58,1.26,4.5,0.031,0.004,0.225,0.3,7.26,0.001,0.008,9.7,1,1.72,5.2,0.98
4.1,6.2,35.05,11.55,3.333,4.6,0.3,7.5,11.15,111.5,118.5,7.7,3.65,41.6,0.685,3.07,4.73,0.017,0.004,0.085,0.235,7.845,0.001,0.01,13,0.6,0.56,8.55,0.79
4,6.5,40.55,14.35,2.667,4.2,0.333,8.3,9.1,126,138,9.2,3.2,51.2,0.78,3.76,5.29,0.003,0.002,0.137,0.215,7.815,0.001,0.009,6.3,0.7,0.68,9.2,0.49
5,102,41.1,14.1,1,0.5,0.1,6.2,10.7,122,133,10,3.3,50.6,0.74,3.76,4.02,0.006,0.002,0.3,0.17,7.9,0.001,0.003,4.6,0.5,0.98,10,0.23
4.9,104,46.3,15.45,3,3.333,0.1,6.25,6.35,133.5,142,10.3,2.85,55.5,0.71,4.14,3.95,0.004,0.005,0.158,0.205,7.965,0.001,0.008,4.8,1.15,0.5,10.35,0.54
6,105,47.5,16.3,1.667,2.3,0.1,6.25,6.05,137,147.5,10.7,2.65,58.9,0.715,4.44,4.09,0.013,0.003,0.204,0.195,7.925,0.001,0.008,4.5,0.5,0.59,10.3,0.41
4.6,12,43.6,14.2,1,1.167,0.1,6.1,10.7,121,135,9.7,3.1,51.2,0.72,3.84,3.92,0.007,0.002,0.303,0.19,7.92,0.001,0.008,9.6,0.5,0.96,9.9,0.24
3.5,12,45.85,15.1,2,3,0.1,6.2,6.55,132,140.5,10.1,3.05,54.7,0.705,4.16,4,0.009,0.003,0.152,0.21,7.955,0.001,0.011,6.5,1.15,0.5,10.35,0.59
7,12,49.9,16.55,1.667,2.2,0.1,6.3,5.95,142.5,151,11.75,2.65,60,0.75,4.55,4.04,0.011,0.002,0.207,0.22,7.99,0.001,0.008,4.9,0.5,0.53,10.5,0.285
3.9,15.4,37,12.9,2,1.7,0.1,6,13.8,112,122,8.5,3.5,46.2,0.71,3.42,3.92,0.011,0.002,0.295,0.19,7.88,0.001,0.003,5.5,0.5,1.06,9.1,0.39
3.2,15.4,43.6,14.25,2,2.9,0.1,6.2,7,126,134.5,9.5,3.05,51.6,0.69,3.91,3.97,0.008,0.003,0.144,0.215,8.02,0.001,0.009,4.1,1.3,0.46,10,0.615
4.6,15.8,47,15.35,2,3,0.1,6.3,6.25,136.5,143.5,10.55,2.7,56.2,0.715,4.36,4.07,0.006,0.002,0.18,0.185,7.89,0.001,0.006,3.4,0.75,0.5,10.1,0.39
